Action Item,Deadline,Assigned To,Priority,Status,Budget,Notes
Finalize project timeline,2024-06-15,Alice,High,Not Started,1000,Timeline to be finalized by end of week
Allocate resources,2024-06-15,Bob,Medium,In Progress,2000,Resources allocated from team A
Setup kickoff meeting,2024-06-20,Charlie,High,Completed,1500,Kickoff meeting scheduled
Review project scope,2024-06-18,David,Low,Not Started,1200,Scope needs to be reviewed
Identify stakeholders,2024-06-19,Eva,Medium,In Progress,1800,Stakeholders identified
Create project plan,2024-06-20,Frank,High,Completed,2500,Project plan draft completed
Develop risk management plan,2024-06-21,Grace,Medium,Not Started,2300,Risk management plan in development
Define communication plan,2024-06-22,Hannah,Low,In Progress,1600,Communication plan defined
Schedule regular updates,2024-06-23,Ivy,High,Completed,1400,Updates scheduled bi-weekly
Assign tasks to team,2024-06-24,Jack,Medium,Not Started,2100,Tasks assigned to respective team members
Conduct team training,2024-06-25,Kate,Low,In Progress,1900,Team training scheduled
Monitor project progress,2024-06-26,Liam,High,Completed,2200,Monitoring tools setup
Update project documentation,2024-06-27,Mona,Medium,Not Started,1700,Documentation update in progress
Manage project budget,2024-06-28,Nathan,High,In Progress,2400,Budget review pending
Resolve project issues,2024-06-29,Olivia,Low,Completed,2000,Issue resolution process defined
Conduct project review,2024-06-30,Paul,Medium,Not Started,2600,Project review meeting set
Close project phases,2024-07-01,Quincy,High,In Progress,2700,Phases to be closed after review
Evaluate project performance,2024-07-02,Rachel,Low,Completed,2800,Performance evaluation metrics defined
Document lessons learned,2024-07-03,Steve,Medium,Not Started,2900,Lessons learned document in progress
